{
  "results": [
    {
      "command": "wasmedge --reactor recursive_fib_aot.wasm recursive_fib 20",
      "mean": 0.9450777342300002,
      "stddev": 0.08696557303137545,
      "median": 0.92909487668,
      "user": 0.10554698000000004,
      "system": 0.45284750000000007,
      "min": 0.86430864718,
      "max": 1.75435993918,
      "times": [
        0.99173102218,
        0.90104293918,
        0.95132256418,
        0.96164510518,
        0.91611064718,
        0.92078168918,
        0.92940881418,
        0.91823606418,
        0.91782823118,
        0.95074123018,
        0.92188385618,
        0.92345906418,
        0.9468427311800001,
        0.90751368918,
        0.91031331418,
        1.02774006418,
        0.95008202318,
        0.92263660618,
        0.92878093918,
        0.90151018918,
        0.93287498118,
        0.9332923561800001,
        0.92699456418,
        0.96219606418,
        0.91878481418,
        0.9255168971800001,
        0.94040502218,
        0.94127860618,
        0.91743627318,
        0.91103035518,
        0.9206592301800001,
        0.94628568918,
        0.92953518918,
        0.9325628971800001,
        0.94263560618,
        0.92039714718,
        0.95150493918,
        0.8993713561800001,
        0.93331439718,
        0.9230671891800001,
        0.93056443918,
        0.92018093918,
        0.92335518918,
        0.89101431418,
        0.9216416471800001,
        0.9335285641800001,
        0.9793157731800001,
        0.91289239718,
        0.99670168918,
        0.96627952318,
        0.92171973018,
        0.9156248141800001,
        0.91800602318,
        0.93268473018,
        0.9817996061800001,
        0.96806556418,
        0.9150547731800001,
        0.89367193918,
        0.91549906418,
        0.98545731418,
        1.0071341061799999,
        0.92578998118,
        0.9274109391800001,
        0.93485706418,
        0.94245039818,
        0.94801677318,
        0.93705035618,
        0.91769923018,
        0.96504539818,
        0.92291148018,
        0.90406177318,
        0.95256081418,
        0.93541664818,
        0.92998193918,
        0.9332640641800001,
        0.9916355641799999,
        1.01758943918,
        0.91052052318,
        0.95243956418,
        0.9196589391800001,
        0.9168174811800001,
        0.9242806891800001,
        0.9638683141800001,
        0.91369648118,
        0.91441518918,
        1.75435993918,
        0.95080443918,
        1.01700793918,
        0.9777089801800001,
        0.92732560618,
        0.91825802318,
        0.97960914818,
        1.00079881418,
        0.86430864718,
        0.9284740221800001,
        0.9329081891800001,
        0.90710681418,
        0.91212698018,
        0.97829043918,
        0.91829989818
      ],
      "exit_codes": [
        138,
        138,
        138,
        138,
        138,
        138,
        138,
        138,
        138,
        138,
        138,
        138,
        138,
        138,
        138,
        138,
        138,
        138,
        138,
        138,
        138,
        138,
        138,
        138,
        138,
        138,
        138,
        138,
        138,
        138,
        138,
        138,
        138,
        138,
        138,
        138,
        138,
        138,
        138,
        138,
        138,
        138,
        138,
        138,
        138,
        138,
        138,
        138,
        138,
        138,
        138,
        138,
        138,
        138,
        138,
        138,
        138,
        138,
        138,
        138,
        138,
        138,
        138,
        138,
        138,
        138,
        138,
        138,
        138,
        138,
        138,
        138,
        138,
        138,
        138,
        138,
        138,
        138,
        138,
        138,
        138,
        138,
        138,
        138,
        138,
        138,
        138,
        138,
        138,
        138,
        138,
        138,
        138,
        138,
        138,
        138,
        138,
        138,
        138,
        138
      ]
    },
    {
      "command": "wasmedge --reactor recursive_fib.wasm recursive_fib 20",
      "mean": 0.9663125295400001,
      "stddev": 0.04002214581939292,
      "median": 0.95832518918,
      "user": 0.12433452999999998,
      "system": 0.4593754900000003,
      "min": 0.9054512301800001,
      "max": 1.18867973018,
      "times": [
        0.97574914718,
        0.97358210518,
        0.93297152218,
        0.97617160618,
        0.94772214818,
        0.97476614718,
        0.96767718918,
        1.00116285618,
        0.96721431418,
        0.95628623018,
        0.94579439718,
        0.9424869811800001,
        0.95311977218,
        0.95869477218,
        0.9620242721800001,
        0.94504173118,
        0.9529866061800001,
        0.9466650641800001,
        0.96316718918,
        0.98453773118,
        0.97878410618,
        1.02438068918,
        0.96898627218,
        0.95630202218,
        0.9687074801800001,
        0.9733336891800001,
        1.00064214718,
        0.93213681418,
        0.9760827721800001,
        0.9876192721799999,
        0.99646685518,
        0.92369960518,
        0.94881331418,
        0.9988101891799999,
        0.96794998018,
        1.01108268918,
        0.94377473118,
        0.97099060618,
        0.94031910618,
        0.93359106418,
        0.9579556061800001,
        0.9398810641800001,
        0.9427240221800001,
        0.94304364718,
        0.93459543918,
        0.92378014718,
        0.93323339718,
        0.93512573118,
        0.93639643918,
        0.98541060618,
        0.9732382311800001,
        0.9460813971800001,
        0.92136693918,
        0.97994318918,
        0.93529706418,
        0.94524860518,
        0.99109773118,
        0.93507518918,
        0.9956415221799999,
        0.94787377218,
        0.9529288141800001,
        0.96444468918,
        0.91923160518,
        1.0000978141799999,
        0.9301762731800001,
        1.00027206418,
        1.01905856418,
        0.94719748118,
        0.93381489718,
        0.94684473118,
        0.94214152318,
        0.92223764718,
        0.9358381891800001,
        0.94867681418,
        1.00103456418,
        1.11975781418,
        0.93299410518,
        0.95944439818,
        1.18867973018,
        1.02403748018,
        0.94790973118,
        0.96906827218,
        0.9520908141800001,
        0.9949977721800001,
        1.01661118918,
        1.01195285618,
        0.97803439818,
        0.96157143918,
        1.06205860518,
        0.9374483141800001,
        1.00917698018,
        0.95960514818,
        0.97606160618,
        1.0253401471799999,
        0.96863977318,
        0.93567860618,
        0.9054512301800001,
        0.91941531418,
        0.93251835618,
        0.94540827218
      ],