{
  "results": [
    {
      "command": "wasmedge --reactor recursive_fib_aot.wasm recursive_fib 40",
      "mean": 1.1450146992099999,
      "stddev": 0.048541581193028864,
      "median": 1.1386646331599999,
      "user": 0.13972829,
      "system": 0.6074297499999999,
      "min": 0.95175971666,
      "max": 1.3010955506600002,
      "times": [
        1.1087497996600002,
        1.10484117566,
        1.23863717566,
        1.16025754966,
        1.12378534166,
        1.14192371666,
        1.1259410086600001,
        1.2054841336600002,
        1.10243196666,
        1.1328299666600001,
        1.2022360086600001,
        1.09597996666,
        1.17813046666,
        1.1437352576600002,
        1.1204907586600001,
        1.12105684166,
        1.2410267586600001,
        1.1960031746600002,
        1.10977684166,
        1.09538009166,
        1.1635271336600002,
        1.1745993836600002,
        1.1715514256600001,
        1.07727225866,
        1.21022559166,
        1.11617134166,
        1.12104171666,
        1.10047125866,
        1.16670396666,
        1.13712225766,
        1.16165300766,
        1.1576360086600002,
        1.08423855066,
        1.11525646666,
        1.09151754966,
        1.0737866336600002,
        1.1638639666600001,
        1.09122813366,
        1.14828084166,
        1.13900379966,
        1.14382884166,
        1.12020584166,
        1.07608442466,
        1.18459475866,
        1.3010955506600002,
        0.95175971666,
        1.2409977996600001,
        1.21224859166,
        1.1551892996600002,
        1.12171146666,
        1.13654600766,
        1.21310884166,
        1.1120055076600002,
        1.2605067996600001,
        1.15600796666,
        1.18358371666,
        1.11235080066,
        1.1888271756600002,
        1.08688942466,
        1.15989363366,
        1.10976004966,
        1.12304100866,
        1.1055300086600002,
        1.0964038416600002,
        1.12804963366,
        1.17155546666,
        1.21730259166,
        1.10575350866,
        1.2030715086600001,
        1.1924437166600002,
        1.10335609166,
        1.1896132996600002,
        1.17894859166,
        1.11061342566,
        1.11369642466,
        1.1333955076600002,
        1.12512955066,
        1.13570367566,
        1.09809600866,
        1.13347313266,
        1.15561063366,
        1.19635034166,
        1.10860675766,
        1.09321509166,
        1.18905592466,
        1.13047796666,
        1.1493814666600002,
        1.1043171336600002,
        1.1620522586600002,
        1.11355367466,
        1.1639362586600002,
        1.14679642466,
        1.21755171666,
        1.11980280066,
        1.15322638366,
        1.1442054666600001,
        1.18501900866,
        1.18082059166,
        1.13832546666,
        1.14294204966
      ],
      "exit_codes": [
        138,
        138,
        138,
        138,
        138,
        138,
        138,
        138,
        138,
        138,
        138,
        138,
        138,
        138,
        138,
        138,
        138,
        138,
        138,
        138,
        138,
        138,
        138,
        138,
        138,
        138,
        138,
        138,
        138,
        138,
        138,
        138,
        138,
        138,
        138,
        138,
        138,
        138,
        138,
        138,
        138,
        138,
        138,
        138,
        138,
        138,
        138,
        138,
        138,
        138,
        138,
        138,
        138,
        138,
        138,
        138,
        138,
        138,
        138,
        138,
        138,
        138,
        138,
        138,
        138,
        138,
        138,
        138,
        138,
        138,
        138,
        138,
        138,
        138,
        138,
        138,
        138,
        138,
        138,
        138,
        138,
        138,
        138,
        138,
        138,
        138,
        138,
        138,
        138,
        138,
        138,
        138,
        138,
        138,
        138,
        138,
        138,
        138,
        138,
        138
      ]
    },
    {
      "command": "wasmedge --reactor recursive_fib.wasm recursive_fib 40",
      "mean": 141.91538148294006,
      "stddev": 17.97257135981018,
      "median": 144.11270150816,
      "user": 129.30829560000004,
      "system": 5.051750019999997,
      "min": 103.74787942466,
      "max": 190.19602659166,
      "times": [
        153.68119367566,
        153.03631384166,
        168.83946154966,
        143.54251471666,
        148.49975705066,
        145.00209463366,
        138.51511259166,
        162.40853004966,
        148.68946329966,
        159.77389163366,
        140.38584592466,
        159.81589038366,
        156.64894304966,
        143.56717538366001,
        146.00459838366,
        152.22315809166,
        146.76193300766,
        141.34556846666,
        139.04444850866,
        135.70144938366,
        169.18284350866,
        143.32955509166,
        150.05782113366,
        155.34524829966,
        147.26325925866,
        160.39010429966,
        142.99412705066,
        139.46904363266,
        150.18720313366,
        155.31915505066,
        161.21234025866,
        141.52019071666,
        127.05715900866,
        136.38845496666,
        142.54102042566,
        140.14592150766,
        147.29642671666,
        152.59354730066,
        135.88476392466,
        136.89495109166,
        143.68366717466,
        174.93487967466,
        158.97765429966,
        163.31950317566,
        190.19602659166,
        136.72081292566,
        170.59092354966,
        171.83687654966,
        147.91223221666,
        129.08813584166,
        135.38085546666,
        152.51499805066,
        150.54915271666,
        130.48269746666,
        146.04004430066,
        152.06808321666,
        144.54173584166,
        147.98010275766,
        158.14867113366,
        150.26549800866,
        168.53573009166,
        137.28509871666,
        147.65738725766,
        146.09136863366,
        155.89750875866,
        162.05204292466001,
        147.89874105066,
        137.19274150766,
        140.87689050766,
        152.10569238366,
        137.68128984166,
        160.75481550866,
        151.38230554966,
        133.11287905066,
        139.63407646666,
        125.01253750866,
        140.87734071666,
        149.10322804966,
        153.96084446666,
        156.57536034166,
        134.38441117466,
        106.01543696666,
        103.96492504966,
        105.15325155066,
        114.58455567466,
        122.91817763366,
        118.71664563366001,
        118.33332130066,
        111.21466671666,
        108.62510134166,
        119.64202067466,
        106.98503388366,
        106.73115096666,
        119.32229625766,
        103.74787942466,
        112.44238642466,
        119.65667484166,
        107.76991400766,
        123.96640034166,
        109.88298813266
      ],