{
  "results": [
    {
      "command": "wasmedge --reactor recursive_fib_aot.wasm recursive_fib 30",
      "mean": 1.01582948833,
      "stddev": 0.07604240884145683,
      "median": 0.9939839345399999,
      "user": 0.11553327000000001,
      "system": 0.49419914999999986,
      "min": 0.88189224604,
      "max": 1.21123874604,
      "times": [
        0.92355145504,
        0.92614195504,
        1.12704308004,
        0.96595149704,
        0.91081716304,
        0.9945496220399999,
        0.96020845504,
        1.11073512204,
        0.97126916304,
        0.91433237104,
        0.98055870504,
        1.03456453804,
        0.98548983004,
        0.93862237104,
        1.05415737104,
        0.98964362204,
        0.9934182470399999,
        1.05554866404,
        1.02370428804,
        0.94520583004,
        1.03309353804,
        1.11884345504,
        1.14273020504,
        0.96400645504,
        0.97300778804,
        0.91615941404,
        0.92055412104,
        1.0766073300399999,
        1.02769491304,
        1.05667712104,
        1.12622099704,
        1.00226462204,
        1.1008570390399999,
        1.0930465380399998,
        0.98104058004,
        0.88189224604,
        1.00560466304,
        1.0316092050399999,
        0.97071645504,
        0.98983612104,
        1.01275787204,
        0.97119149704,
        1.0243402880399999,
        0.99601070504,
        1.0616236640399999,
        0.97377045504,
        1.15455308004,
        0.98442420504,
        0.99301253904,
        0.95061195504,
        0.92130328904,
        0.91295524604,
        0.97930058004,
        0.94553362104,
        0.96391095504,
        0.96838353804,
        0.95897616304,
        0.96072691404,
        0.95747512104,
        0.96341433004,
        0.9594640800400001,
        0.96682637104,
        0.93791487104,
        1.00697358004,
        0.98460333004,
        1.00768628804,
        1.00964228804,
        1.00827208004,
        1.0111846630399999,
        1.07320416304,
        1.00298278904,
        0.97468133004,
        0.9955697890399999,
        0.97702995504,
        1.11638766404,
        1.08124228904,
        1.1492434140399999,
        0.94708895504,
        0.96342491404,
        0.9300532890400001,
        1.19800612204,
        0.97566674704,
        1.05102091304,
        1.07214345504,
        1.02249937204,
        1.17323853804,
        1.12937420504,
        0.93863645504,
        0.98178045504,
        1.20194574604,
        1.16442791304,
        0.95438545504,
        0.98920049604,
        1.01188320504,
        1.06541249604,
        1.05090233004,
        1.0580450800399999,
        1.21123874604,
        1.18722741304,
        1.17018541304
      ],
      "exit_codes": [
        138,
        138,
        138,
        138,
        138,
        138,
        138,
        138,
        138,
        138,
        138,
        138,
        138,
        138,
        138,
        138,
        138,
        138,
        138,
        138,
        138,
        138,
        138,
        138,
        138,
        138,
        138,
        138,
        138,
        138,
        138,
        138,
        138,
        138,
        138,
        138,
        138,
        138,
        138,
        138,
        138,
        138,
        138,
        138,
        138,
        138,
        138,
        138,
        138,
        138,
        138,
        138,
        138,
        138,
        138,
        138,
        138,
        138,
        138,
        138,
        138,
        138,
        138,
        138,
        138,
        138,
        138,
        138,
        138,
        138,
        138,
        138,
        138,
        138,
        138,
        138,
        138,
        138,
        138,
        138,
        138,
        138,
        138,
        138,
        138,
        138,
        138,
        138,
        138,
        138,
        138,
        138,
        138,
        138,
        138,
        138,
        138,
        138,
        138,
        138
      ]
    },
    {
      "command": "wasmedge --reactor recursive_fib.wasm recursive_fib 30",
      "mean": 2.161203529280001,
      "stddev": 0.30595168783017296,
      "median": 2.08849522604,
      "user": 1.10644707,
      "system": 0.56742058,
      "min": 1.75200791404,
      "max": 3.52627083004,
      "times": [
        2.82057412204,
        2.05179437204,
        2.09559941304,
        2.53717495504,
        2.99112587104,
        2.09609124704,
        2.04140245504,
        2.04436858004,
        2.05502341304,
        2.91467153904,
        2.01088974604,
        1.8020384970399999,
        3.52627083004,
        2.16186024704,
        1.98487299604,
        1.93341441304,
        2.04601866304,
        2.17898495504,
        2.06780528904,
        2.16720383004,
        2.12487833004,
        2.24206574604,
        2.26881424704,
        2.33594783004,
        2.0014412890399997,
        2.05046724704,
        1.9587846630399999,
        1.9506684970400001,
        2.11874637204,
        2.18598928804,
        2.2787602050399998,
        1.92707170504,
        2.04539741304,
        1.87365237204,
        2.42551166404,
        2.08139103904,
        2.12706395504,
        2.21444274704,
        2.37617553804,
        2.04698783004,
        1.95373878804,
        2.40572883004,
        2.43528233004,
        2.5259378300399997,
        2.39377045504,
        2.42300678904,
        2.40029120504,
        2.55211916404,
        2.29657991404,
        2.54401112204,
        2.5281442470399997,
        2.05835958004,
        1.87042708004,
        1.88350408004,
        2.21297062204,
        2.22618120504,
        1.9941679140400002,
        1.77614245504,
        2.69661428804,
        2.68655837204,
        1.9578285800400002,
        1.95932812204,
        1.82415666404,
        1.87000745504,
        1.93710687204,
        1.9880321630399997,
        2.05798549604,
        2.2452174130399998,
        2.21646962104,
        1.95041908004,
        1.83986795504,
        1.91208462204,
        2.01930278904,
        1.86301633004,
        1.9446856220400002,
        1.91742103804,
        2.22629316404,
        2.15770503804,
        2.59452391404,
        2.1695480800399998,
        1.9950064970399999,
        1.85722862104,
        1.76344749704,
        1.82023320504,
        1.81243883004,
        1.88897733004,
        1.80391120504,
        1.75200791404,
        1.8596638300400001,
        2.11596112204,
        2.52274774604,
        1.89234266404,
        2.60462283004,
        2.78392628804,
        2.10031474604,
        1.92687783004,
        2.45283274704,
        2.13320262104,
        2.22421503904,
        2.13441466404
      ],
      "exit_codes": [
        0,
        0,
        0,
        0,
        0,
        0,
        0,
        0,
        0,
        0,
        0,
        0,
        0,
        0,
        0,
        0,
        0,
        0,
        0,
        0,
        0,
        0,
        0,
        0,
        0,
        0,
        0,
        0,
        0,
        0,
        0,
        0,
        0,
        0,
        0,
        0,
        0,
        0,
        0,
        0,
        0,
        0,
        0,
        0,
        0,
        0,
        0,
        0,
        0,
        0,
        0,
        0,
        0,
        0,
        0,
        0,
        0,
        0,
        0,
        0,
        0,
        0,
        0,
        0,
        0,
        0,
        0,
        0,
        0,
        0,
        0,
        0,
        0,
        0,
        0,
        0,
        0,
        0,
        0,
        0,
        0,
        0,
        0,
        0,
        0,
        0,
        0,
        0,
        0,
        0,
        0,
        0,
        0,
        0,
        0,
        0,
        0,
        0,
        0,
        0
      ]
    },
    {
      "command": "wasmer run recursive_fib.wasm -i recursive_fib 30",
      "mean": 1.3209856271200004,