{
  "results": [
    {
      "command": "wasmedge --reactor recursive_fib_aot.wasm recursive_fib 40",
      "mean": 1.0089968460100003,
      "stddev": 0.6059172534387465,
      "median": 0.9125549002800001,
      "user": 0.038076630000000014,
      "system": 0.4991168499999999,
      "min": 0.8490470667800001,
      "max": 6.93164769178,
      "times": [
        6.93164769178,
        0.94143239978,
        0.9708301077800001,
        1.01782681678,
        1.12426135878,
        1.01735473378,
        0.8651059827800001,
        0.86873485778,
        0.9259513167800001,
        0.9335267757800001,
        0.98758089978,
        1.13284823378,
        1.0511314007800001,
        0.85954902578,
        0.9686076917800001,
        1.05957598378,
        1.08903002478,
        0.99729831678,
        0.86810048378,
        1.13256502478,
        1.02397123278,
        1.10638848378,
        1.28435339978,
        1.13168023378,
        1.02157369178,
        0.9469541917800001,
        0.9649614417800001,
        0.89030110878,
        0.92837477578,
        0.8774336087800001,
        0.87680185878,
        0.8855591917800001,
        0.93359419178,
        0.92235410878,
        0.8778183167800001,
        0.9545358167800001,
        0.8745443167800001,
        1.18617260878,
        1.13894948378,
        1.37009114978,
        1.0912309417800001,
        0.9659928577800001,
        0.9025592757800001,
        0.9088112327800001,
        0.9115477337800001,
        1.06631510878,
        0.9107987337800001,
        0.88716577478,
        0.87775289978,
        0.90178152578,
        0.88828590078,
        0.9237383587800001,
        0.9201066497800001,
        0.87045264978,
        0.86099323378,
        0.8770625257800001,
        0.8905656497800001,
        0.8490470667800001,
        0.87055577478,
        0.9076886917800001,
        0.9061736507800001,
        0.89308748378,
        0.8990822337800001,
        0.9066758167800001,
        0.88256498378,
        0.94660823378,
        0.85813394178,
        0.91641948378,
        0.8937006917800001,
        0.8861194827800001,
        0.8900917757800001,
        0.90977564978,
        0.8827013997800001,
        0.9548176917800001,
        1.05935544178,
        0.87853610778,
        0.88408456678,
        0.89467877478,
        0.8499198587800001,
        0.8634066507800001,
        0.93838477478,
        0.90701702478,
        0.99517848378,
        0.9135620667800001,
        0.9492665667800001,
        1.00378294178,
        1.05385006678,
        0.9951623997800001,
        0.9560494837800001,
        0.8715495667800001,
        0.8689676497800001,
        1.00021256678,
        0.90355598378,
        0.8597523167800001,
        0.8564041087800001,
        0.9748246917800001,
        0.8649508587800001,
        0.8895154417800001,
        0.94040327578,
        0.87953548378
      ],
      "exit_codes": [
        138,
        138,
        138,
        138,
        138,
        138,
        138,
        138,
        138,
        138,
        138,
        138,
        138,
        138,
        138,
        138,
        138,
        138,
        138,
        138,
        138,
        138,
        138,
        138,
        138,
        138,
        138,
        138,
        138,
        138,
        138,
        138,
        138,
        138,
        138,
        138,
        138,
        138,
        138,
        138,
        138,
        138,
        138,
        138,
        138,
        138,
        138,
        138,
        138,
        138,
        138,
        138,
        138,
        138,
        138,
        138,
        138,
        138,
        138,
        138,
        138,
        138,
        138,
        138,
        138,
        138,
        138,
        138,
        138,
        138,
        138,
        138,
        138,
        138,
        138,
        138,
        138,
        138,
        138,
        138,
        138,
        138,
        138,
        138,
        138,
        138,
        138,
        138,
        138,
        138,
        138,
        138,
        138,
        138,
        138,
        138,
        138,
        138,
        138,
        138
      ]
    },
    {
      "command": "wasmedge --reactor recursive_fib.wasm recursive_fib 40",
      "mean": 91.08889208964997,
      "stddev": 4.264902428184107,
      "median": 90.79442010828,
      "user": 89.16911087999999,
      "system": 0.8679244800000002,
      "min": 82.98822314978,
      "max": 103.96149560878,
      "times": [
        85.94358152477999,
        85.37801294178,
        88.32740202478,
        86.10149185878,
        91.53116064977999,
        103.30833485778,
        100.30016652578,
        93.65367385878,
        91.69683752478,
        93.35426960778,
        93.56184814977999,
        88.09708448277999,
        89.02081281678,
        87.52802394177999,
        96.73866956677999,
        94.38289648377999,
        87.97982852477999,
        91.22417098278,
        95.38943289977999,
        85.63382556677999,
        88.19799335777999,
        90.10926027478,
        88.10188514977999,
        84.66083573377999,
        88.67529473277999,
        82.98822314978,
        91.69228098378,
        91.64675589977999,
        89.28813089977999,
        91.03964360878,
        85.86587981678,
        90.14703452577999,
        88.99476456677999,
        87.07978506677999,
        95.01589485877999,
        87.01887723377999,
        83.04880781678,
        92.44003760778,
        88.32684190078,
        93.03603194178,
        98.11750427477999,
        94.54998177478,
        91.75559685878,
        96.87149744178,
        95.21757260778,
        96.78590885777999,
        98.25110356677999,
        89.67741377477999,
        87.85495427478,
        91.52282752577999,
        94.51143206677999,
        90.87922639978,
        83.59456273378,
        94.79727239978,
        88.23841423277999,
        94.76134198378,
        89.85235506677999,
        95.66708260877999,
        90.47780827477999,
        87.65477373277999,
        84.94750835878,
        93.67752981678,
        89.17808864978,
        88.83233848277999,
        88.14991152478,
        88.08529306678,
        100.06552327477999,
        94.54705127477999,
        93.77251827478,
        89.63035706678,
        89.26376869177999,
        88.24782173377999,
        91.56791489977999,
        93.42965765077999,
        87.73954577478,
        92.83270394178,
        89.53471890077999,
        84.99984931677999,
        94.35735790077999,
        89.33867990078,
        85.35854356678,
        98.54759177477999,
        87.11076469177999,
        93.57414277577999,
        91.47564035878,
        90.70961381677999,
        90.03847214977999,
        88.72392106678,
        92.41003660877999,
        92.52112110878,
        86.97991864977999,
        93.50331635778,
        103.96149560878,
        98.57166206678,
        87.03283964977999,
        95.39398969177999,
        93.67960015077999,
        86.17314015077999,
        92.12671885878,
        91.23412698377999
      ],