{
  "results": [
    {
      "command": "wasmedge coremark_aot.wasm",
      "mean": 1.04309089236,
      "stddev": 0.09274591927883666,
      "median": 1.03479363416,
      "user": 0.10129706000000001,
      "system": 0.5413855399999999,
      "min": 0.9255100091600001,
      "max": 1.21858859216,
      "times": [
        0.9804131341600001,
        0.9650825501600001,
        0.9255100091600001,
        0.96087330016,
        1.08756825916,
        1.14182575916,
        1.07140863416,
        0.99817863416,
        1.21858859216,
        1.0814600511599999
      ],
      "exit_codes": [
        134,
        134,
        134,
        134,
        134,
        134,
        134,
        134,
        134,
        134
      ]
    },
    {
      "command": "wasmedge coremark.wasm",
      "mean": 0.9641363551600002,
      "stddev": 0.0433215251432115,
      "median": 0.9520909056600001,
      "user": 0.09446706,
      "system": 0.46859913999999997,
      "min": 0.90119413416,
      "max": 1.04839984316,
      "times": [
        1.04839984316,
        0.9414458841600001,
        0.9836000931600001,
        0.9456914251600002,
        0.90119413416,
        0.9586109261600001,
        0.9584574681600001,
        1.02238655016,
        0.9457243431600001,
        0.9358528841600001
      ],
      "exit_codes": [
        134,
        134,
        134,
        134,
        134,
        134,
        134,
        134,
        134,
        134
      ]
    },
    {
      "command": "wasmer coremark.wasm",
      "mean": 0.94179903406,
      "stddev": 0.055368130268607804,
      "median": 0.9377173006600001,
      "user": 0.08882665999999999,
      "system": 0.50618274,
      "min": 0.86954842616,
      "max": 1.0422333421599999,
      "times": [
        1.0422333421599999,
        0.9635664671600002,
        0.9249528421600001,
        0.9211190921600001,
        0.8905098841600001,
        0.86954842616,
        0.9504817591600001,
        0.9526422171600001,
        0.8878770091600001,
        1.01505930116
      ],
      "exit_codes": [
        1,
        1,
        1,
        1,
        1,
        1,
        1,
        1,
        1,
        1
      ]
    },
    {
      "command": "wasm3 coremark.wasm",
      "mean": 0.75936863836,
      "stddev": 0.030904700954133016,
      "median": 0.7558850091600001,
      "user": 0.010813559999999998,
      "system": 0.45241754,
      "min": 0.71369509216,
      "max": 0.8094531751600001,
      "times": [
        0.7532623011600001,
        0.7972557181600001,
        0.7858732591600001,
        0.74275805116,
        0.8094531751600001,
        0.7519513841600001,
        0.7585077171600001,
        0.7207191761600001,
        0.71369509216,
        0.7602105091600001
      ],
      "exit_codes": [
        1,
        1,
        1,
        1,
        1,
        1,
        1,
        1,
        1,
        1
      ]
    }
  ]
}
